,id,company,person,collDeptName,updateTime
0,441900002033125,东莞市汇诚贷款代理服务有限公司,黄东绍,国家信息中心,2021-04-07 02:52:58
1,441900003459334,东莞市夏小暖电子商务有限公司,王明月,国家信息中心,2021-04-07 02:52:58
2,350503100371990,泉州市梓楠网络科技有限公司,,国家信息中心,2021-04-07 02:56:20
3,350503100203101,泉州丰泽德洋教育咨询有限公司,,国家信息中心,2021-04-07 02:58:36
4,350503100584309,泉州丰泽区页策百货商行,,国家信息中心,2021-04-07 02:59:33
5,410611000069239,河南启言智辅教育科技有限公司,刘攀,国家信息中心,2021-04-07 02:49:43
6,420700000110059,武汉润泛生物科技有限公司,王士举,国家信息中心,2021-04-07 02:49:43
7,420102000704215,武汉市沐然美生物科技有限公司,曾红英,国家信息中心,2021-04-07 02:49:43
8,,大连玖零后网络电子商务有限公司,商福兴,国家信息中心,2021-04-07 02:49:43
9,510107001775647,四川檬檬哒商贸有限公司,杨利珠,国家信息中心,2021-04-07 02:49:43
